{
  "attempt": 1,
  "enhancer_duration_seconds": 22.83427619934082,
  "runner_duration_seconds": 59.66812801361084,
  "static_analysis_duration_seconds": 0.7954778671264648,
  "llm_duration_seconds": 0.0,
  "llm_cost": 0.0007826999999999999,
  "llm_input_tokens": 1194,
  "llm_output_tokens": 1006
}