{
  "run_id": "run_1764643887205_676133db",
  "total_duration_seconds": 122.74220204353333,
  "iterations": 2,
  "total_llm_cost": 0.0020315999999999997,
  "total_llm_input_tokens": 3444,
  "total_llm_output_tokens": 2525,
  "total_llm_duration_seconds": 35.96801400184631,
  "total_runner_duration_seconds": 71.78406810760498,
  "total_static_analysis_duration_seconds": 1.761570930480957
}