{
  "attempt": 2,
  "enhancer_duration_seconds": 29.28890609741211,
  "runner_duration_seconds": 79.2480947971344,
  "static_analysis_duration_seconds": 1.1440491676330566,
  "llm_duration_seconds": 0.0,
  "llm_cost": 0.00110145,
  "llm_input_tokens": 1435,
  "llm_output_tokens": 1477
}