{
  "run_id": "run_1764650777920_034ce855",
  "total_duration_seconds": 555.6553840637207,
  "iterations": 3,
  "total_llm_cost": 0.00427245,
  "total_llm_input_tokens": 7419,
  "total_llm_output_tokens": 5266,
  "total_llm_duration_seconds": 84.39069104194641,
  "total_runner_duration_seconds": 435.7831783294678,
  "total_static_analysis_duration_seconds": 4.062357664108276
}