{
  "attempt": 2,
  "enhancer_duration_seconds": 44.54729509353638,
  "runner_duration_seconds": 173.22107100486755,
  "static_analysis_duration_seconds": 1.2093098163604736,
  "llm_duration_seconds": 0.0,
  "llm_cost": 0.0017001,
  "llm_input_tokens": 2134,
  "llm_output_tokens": 2300
}