{
  "run_id": "run_1764655423259_6996d770",
  "total_duration_seconds": 544.4820408821106,
  "iterations": 3,
  "total_llm_cost": 0.0038048999999999995,
  "total_llm_input_tokens": 6942,
  "total_llm_output_tokens": 4606,
  "total_llm_duration_seconds": 85.93195247650146,
  "total_runner_duration_seconds": 425.24458622932434,
  "total_static_analysis_duration_seconds": 3.7222728729248047
}