{
  "attempt": 2,
  "enhancer_duration_seconds": 39.596338748931885,
  "runner_duration_seconds": 261.06389474868774,
  "static_analysis_duration_seconds": 0.6488909721374512,
  "llm_duration_seconds": 0.0,
  "llm_cost": 0.0014415,
  "llm_input_tokens": 1994,
  "llm_output_tokens": 1904
}