{
  "attempt": 1,
  "enhancer_duration_seconds": 32.24926733970642,
  "runner_duration_seconds": 259.30197978019714,
  "static_analysis_duration_seconds": 0.7479920387268066,
  "llm_duration_seconds": 0.0,
  "llm_cost": 0.0011247,
  "llm_input_tokens": 1630,
  "llm_output_tokens": 1467
}