{
  "run_id": "run_1764657624636_967899bd",
  "total_duration_seconds": 690.6182789802551,
  "iterations": 3,
  "total_llm_cost": 0.0049413,
  "total_llm_input_tokens": 9506,
  "total_llm_output_tokens": 5859,
  "total_llm_duration_seconds": 97.58966517448425,
  "total_runner_duration_seconds": 562.1752896308899,
  "total_static_analysis_duration_seconds": 2.442883253097534
}