{
  "attempt": 0,
  "runner_duration_seconds": 58.30984807014465,
  "static_analysis_duration_seconds": 1.5530812740325928,
  "llm_duration_seconds": 20.148783922195435,
  "llm_cost": 0.00068355,
  "llm_input_tokens": 1461,
  "llm_output_tokens": 774
}