{
  "run_id": "run_1764644921805_7a9ea7bb",
  "total_duration_seconds": 87.56322503089905,
  "iterations": 1,
  "total_llm_cost": 0.00096855,
  "total_llm_input_tokens": 1853,
  "total_llm_output_tokens": 1151,
  "total_llm_duration_seconds": 20.148783922195435,
  "total_runner_duration_seconds": 58.30984807014465,
  "total_static_analysis_duration_seconds": 1.5530812740325928
}