{
  "run_id": "run_1764643508904_891511fc",
  "total_duration_seconds": 93.1600410938263,
  "iterations": 1,
  "total_llm_cost": 0.00100755,
  "total_llm_input_tokens": 1853,
  "total_llm_output_tokens": 1216,
  "total_llm_duration_seconds": 21.66736888885498,
  "total_runner_duration_seconds": 60.637513875961304,
  "total_static_analysis_duration_seconds": 3.1983439922332764
}