{
  "attempt": 2,
  "enhancer_duration_seconds": 20.417675733566284,
  "runner_duration_seconds": 232.6283528804779,
  "static_analysis_duration_seconds": 0.8732388019561768,
  "llm_duration_seconds": 0.0,
  "llm_cost": 0.0008208,
  "llm_input_tokens": 1056,
  "llm_output_tokens": 1104
}